,acc_x,acc_y,acc_z,gyro_x,gyro_y,gyro_z,temp
0,57675,65432,64990,65399,65475,36,61088
1,57675,65441,64995,65400,65478,36,61087
2,57675,65439,64994,65400,65477,35,61090
3,57670,65431,64994,65401,65477,37,61088
4,57666,65423,64995,65401,65477,35,61088
5,57668,65439,64992,65401,65475,34,61088
6,57673,65431,65005,65399,65475,37,61087
7,57674,65430,64996,65400,65476,36,61086
8,57681,65429,64999,65399,65475,36,61084
9,57682,65433,65006,65401,65476,34,61084
10,57674,65440,64997,65399,65478,37,61087
11,57671,65440,64992,65400,65477,37,61087
12,57674,65429,64998,65399,65478,35,61084
13,57680,65438,64997,65400,65476,36,61087
14,57677,65428,65000,65399,65476,36,61086
15,57676,65436,64998,65399,65476,35,61082
16,57674,65434,64999,65400,65476,34,61085
17,57674,65431,64994,65400,65475,37,61086
18,57664,65439,65007,65399,65477,36,61086
19,57664,65434,64989,65399,65476,36,61085
20,57663,65429,65001,65401,65475,35,61082
21,57676,65440,64990,65399,65478,37,61081
22,57674,65430,64992,65400,65478,37,61083
23,57670,65432,64997,65400,65478,34,61081
24,57667,65433,65003,65400,65476,35,61083
25,57685,65431,64993,65400,65476,34,61080
26,57681,65433,65000,65399,65475,38,61083
27,57679,65439,64984,65400,65477,37,61084
28,57682,65434,64980,65399,65476,36,61085
29,57674,65435,64991,65400,65475,36,61080
30,57670,65437,64997,65398,65475,37,61080
31,57677,65429,64997,65399,65476,36,61074
32,57674,65433,64994,65400,65478,35,61078
33,57670,65436,64989,65399,65475,35,61079
34,57672,65429,65004,65400,65476,36,61082
35,57675,65433,65007,65401,65476,36,61087
36,57666,65436,65002,65399,65476,34,61083
37,57665,65432,64995,65400,65476,34,61083
38,57671,65436,64987,65401,65475,35,61082
39,57665,65429,64992,65400,65476,36,61086
40,57673,65432,64988,65400,65477,36,61085
41,57672,65428,64994,65400,65478,36,61081
42,57666,65434,65000,65401,65477,34,61082
43,57671,65429,65000,65401,65477,36,61081
44,57675,65439,64999,65400,65478,36,61080
45,57671,65442,65000,65400,65476,37,61080
46,57673,65440,64996,65400,65476,35,61081
47,57672,65441,65009,65400,65477,35,61079
48,57671,65439,64998,65400,65476,37,61081
49,57675,65437,64994,65400,65475,38,61082
50,57676,65428,64997,65400,65476,36,61080
51,57667,65429,64995,65400,65476,34,61076
52,57677,65428,64989,65400,65477,34,61077
53,57672,65432,64994,65400,65475,35,61077
54,57677,65428,65005,65400,65477,35,61081
55,57684,65433,65002,65399,65476,35,61078
56,57672,65433,65003,65400,65476,36,61079
57,57674,65439,64992,65399,65476,35,61077
58,57673,65424,64993,65400,65475,34,61078
59,57672,65431,65000,65400,65475,34,61078
60,57667,65425,65001,65399,65476,33,61081
61,57660,65425,64999,65400,65476,33,61079
62,57668,65434,65005,65400,65473,36,61080
63,57665,65431,65000,65400,65475,36,61079
64,57673,65430,64997,65399,65475,35,61076
65,57681,65432,65004,65400,65475,35,61077
66,57673,65432,65016,65400,65475,37,61077
67,57674,65427,65010,65400,65475,37,61074
68,57668,65431,65000,65399,65477,36,61076
69,57665,65429,64995,65400,65475,37,61076
70,57665,65421,65000,65399,65476,38,61080
71,57671,65433,64998,65399,65476,38,61081
72,57672,65431,65004,65398,65476,38,61080
73,57666,65426,64994,65399,65478,37,61078
74,57678,65435,65003,65400,65476,37,61076
75,57667,65434,65004,65400,65476,34,61079
76,57668,65432,64995,65399,65477,35,61077
77,57670,65438,65013,65399,65476,37,61077
78,57673,65435,65003,65400,65477,38,61077
79,57676,65430,65005,65400,65475,37,61080
80,57678,65429,65005,65400,65477,36,61080
81,57678,65427,65004,65399,65476,35,61078
82,57676,65430,64991,65399,65477,35,61078
83,57673,65436,64995,65400,65476,34,61075
84,57677,65426,65003,65398,65475,34,61079
85,57674,65434,65004,65399,65474,35,61076
86,57669,65434,65005,65400,65475,33,61076
87,57662,65436,65007,65400,65476,34,61075
88,57676,65431,64996,65400,65476,34,61077
89,57675,65436,64996,65400,65476,36,61076
90,57678,65430,64996,65400,65477,35,61074
91,57678,65437,65000,65400,65475,36,61078
92,57679,65432,65002,65400,65474,35,61078
93,57677,65440,64995,65400,65476,37,61080
94,57676,65437,64998,65400,65477,36,61080
95,57676,65429,65000,65399,65476,35,61078
96,57678,65434,64997,65400,65476,33,61077
97,57674,65428,65002,65399,65475,35,61075
98,57676,65436,65005,65399,65474,35,61076
99,57676,65427,65009,65400,65475,35,61076
100,57673,65428,64999,65399,65475,32,61073
101,57673,65427,65003,65400,65474,36,61075
102,57671,65433,64994,65399,65476,37,61074
103,57677,65436,64995,65400,65477,34,61078
104,57677,65435,65003,65399,65475,34,61077
105,57676,65438,64996,65400,65475,37,61075
106,57670,65431,64992,65400,65477,37,61075
107,57674,65440,64992,65399,65475,38,61074
108,57674,65426,64999,65399,65474,37,61073
109,57676,65435,65003,65400,65475,37,61074
110,57676,65434,64996,65400,65474,35,61070
111,57677,65428,65000,65400,65476,36,61073
112,57673,65434,65002,65399,65476,36,61076
113,57673,65429,64988,65400,65477,36,61077
114,57669,65429,64992,65400,65476,37,61074
115,57674,65435,64996,65400,65476,35,61074
116,57673,65430,64991,65400,65477,36,61075
117,57674,65426,64992,65399,65477,37,61073
118,57669,65430,65006,65399,65476,37,61073
119,57672,65434,65005,65398,65478,36,61074
120,57679,65437,64980,65398,65476,36,61069
121,57674,65441,65005,65398,65476,34,61075
122,57669,65434,64991,65398,65478,36,61073
123,57667,65423,64988,65400,65476,36,61074
124,57669,65437,64997,65398,65478,37,61073
125,57674,65433,65008,65400,65477,35,61068
126,57666,65427,64999,65399,65477,37,61074
127,57672,65432,64998,65399,65475,37,61074
128,57678,65424,64999,65399,65477,35,61073
129,57671,65426,64996,65399,65476,36,61070
130,57672,65440,64997,65399,65477,36,61069
131,57673,65432,65003,65399,65477,36,61069
132,57678,65433,64991,65398,65475,37,61072
133,57679,65427,64990,65399,65478,36,61070
134,57676,65431,64994,65399,65476,38,61069
135,57673,65434,65004,65399,65477,37,61067
136,57679,65432,65001,65399,65477,36,61071
137,57673,65431,64992,65401,65476,35,61071
138,57683,65437,65005,65399,65477,34,61071
139,57671,65429,64991,65401,65478,36,61070
140,57676,65435,64989,65400,65475,38,61071
141,57677,65432,65000,65399,65474,34,61153
142,57684,65435,64997,65400,65477,35,61154
143,57675,65426,64997,65400,65478,37,61153
144,57676,65428,64988,65400,65479,34,61154
145,57671,65433,65002,65400,65477,36,61153
146,57676,65433,65003,65401,65476,36,61153
147,57679,65431,65002,65400,65476,35,61154
148,57672,65432,65014,65400,65476,37,61155
149,57671,65439,65006,65399,65477,34,61152
150,57669,65431,64987,65401,65478,36,61153
151,57672,65435,64991,65399,65476,37,61151
152,57670,65438,64994,65400,65475,37,61152
153,57674,65436,64991,65398,65476,37,61154
154,57671,65434,64995,65399,65477,34,61153
155,57675,65441,65004,65399,65476,33,61151
156,57676,65433,64997,65400,65478,35,61151
157,57676,65439,65007,65401,65478,36,61148
158,57675,65436,65007,65401,65476,35,61152
159,57673,65434,64996,65400,65476,37,61150
160,57672,65435,65006,65400,65475,38,61152
161,57669,65430,65001,65399,65475,36,61150
162,57669,65429,64996,65400,65475,36,61153
163,57666,65432,65000,65401,65475,34,61154
164,57679,65424,65000,65400,65474,37,61150
165,57671,65434,64993,65399,65475,38,61150
166,57677,65429,65000,65401,65476,36,61149
167,57678,65430,64997,65400,65475,36,61149
168,57679,65432,64994,65400,65474,36,61150
169,57673,65435,64996,65400,65476,36,61149
170,57679,65435,65002,65398,65478,37,61148
171,57680,65434,65012,65399,65478,35,61148
172,57676,65425,65006,65400,65477,35,61149
173,57676,65432,65003,65399,65477,36,61149
174,57674,65433,64991,65399,65476,38,61151
175,57680,65431,64992,65401,65476,37,61149
176,57676,65433,64999,65401,65477,37,61157
177,57679,65430,64990,65401,65477,36,61155
178,57667,65430,64995,65400,65475,38,61154
179,57676,65435,65003,65399,65475,37,61152
180,57682,65436,64996,65399,65477,36,61151
181,57679,65437,65000,65399,65475,34,61151
182,57676,65431,65000,65400,65476,36,61151
183,57674,65429,64996,65399,65476,36,61149
184,57676,65432,64989,65399,65476,39,61152
185,57676,65430,64990,65399,65476,37,61150
186,57671,65426,64996,65401,65477,36,61152
187,57676,65429,64998,65400,65476,38,61151
188,57673,65437,64998,65399,65476,35,61151
189,57675,65435,64999,65400,65478,36,61149
190,57674,65434,64998,65402,65476,38,61153
191,57673,65438,65007,65400,65476,35,61149
192,57685,65436,65003,65400,65477,36,61148
193,57685,65433,65003,65401,65478,34,61150
194,57675,65432,64988,65401,65477,37,61152
195,57676,65435,65004,65400,65477,39,61152
196,57668,65431,65001,65400,65476,37,61154
197,57676,65431,64995,65399,65477,37,61155
198,57674,65426,65008,65400,65476,35,61152
199,57672,65425,65007,65400,65478,37,61152
200,57671,65432,64999,65400,65477,38,61148
201,57674,65437,64996,65400,65476,37,61151
202,57668,65438,65002,65402,65477,35,61149
203,57669,65439,64993,65401,65475,33,61151
204,57677,65431,65002,65401,65476,37,61152
205,57676,65429,65008,65400,65477,37,61151
206,57671,65434,65002,65399,65477,35,61153
207,57675,65433,65004,65399,65476,35,61148
208,57672,65430,64992,65400,65475,37,61151
209,57676,65444,64993,65400,65477,37,61151
210,57674,65435,64997,65401,65480,37,61152
211,57669,65440,64994,65401,65478,35,61150
212,57674,65438,65002,65401,65475,36,61148
213,57675,65431,64999,65400,65475,35,61150
214,57673,65429,65000,65399,65476,35,61147
215,57674,65432,65022,65400,65477,36,61150
216,57679,65432,64996,65400,65475,36,61148
217,57676,65438,64998,65400,65476,35,61153
218,57678,65434,64999,65399,65475,35,61151
219,57673,65433,64986,65398,65477,36,61149
220,57675,65435,64995,65400,65476,38,61150
221,57680,65430,64997,65401,65476,36,61147
222,57681,65438,64986,65401,65476,36,61148
223,57678,65433,65000,65401,65477,36,61150
224,57667,65435,65002,65399,65476,35,61148
225,57660,65424,65000,65401,65476,36,61146
226,57664,65429,64998,65399,65475,35,61149
227,57669,65437,65001,65401,65475,35,61146
228,57679,65432,65001,65401,65475,34,61148
229,57677,65428,65001,65400,65476,36,61147
230,57670,65432,64990,65399,65476,34,61145
231,57674,65425,64994,65400,65475,36,61144
232,57672,65433,64999,65400,65477,37,61144
233,57693,65434,64992,65401,65478,35,61147
234,57678,65442,64999,65401,65478,36,61148
235,57672,65435,64999,65399,65477,38,61146
236,57679,65429,64990,65400,65477,36,61144
237,57673,65430,65013,65400,65477,36,61146
238,57673,65431,64997,65399,65477,38,61148
239,57675,65434,65003,65399,65477,37,61146
240,57666,65432,64994,65400,65478,36,61148
241,57659,65429,64987,65402,65477,36,61150
242,57674,65425,64999,65400,65478,36,61149
243,57671,65426,64991,65400,65476,36,61149
244,57676,65426,64995,65398,65477,35,61150
245,57670,65430,65007,65400,65476,37,61152
246,57690,65437,65003,65400,65478,37,61152
247,57672,65440,64983,65400,65487,38,61150
248,57661,65437,64995,65400,65483,38,61148
249,57667,65429,65006,65400,65476,36,61147
250,57650,65431,64999,65402,65474,35,61145
251,57653,65423,65008,65401,65475,35,61144
252,57652,65427,64994,65401,65477,37,61149
253,57664,65433,65002,65402,65478,35,61150
254,57668,65445,65006,65401,65476,36,61150
255,57680,65436,64996,65401,65474,36,61151
256,57692,65441,64991,65401,65475,36,61148
257,57689,65435,64994,65402,65476,35,61145
258,57684,65436,65002,65398,65476,36,61144
259,57681,65426,64996,65399,65476,36,61145
260,57672,65430,65007,65400,65475,36,61147
261,57671,65432,65010,65400,65476,36,61149
262,57668,65421,65002,65400,65477,35,61148
263,57665,65423,64996,65400,65475,35,61148
264,57668,65418,65001,65401,65476,37,61147
265,57679,65427,64994,65401,65478,35,61148
266,57682,65433,65008,65400,65477,36,61146
267,57680,65434,64994,65400,65476,35,61148
268,57676,65433,64992,65399,65478,35,61148
269,57674,65439,65001,65400,65477,35,61149
270,57677,65435,64993,65400,65476,36,61148
271,57680,65427,65004,65400,65476,38,61148
272,57671,65430,65004,65400,65475,37,61148
273,57676,65430,64992,65401,65477,37,61146
274,57676,65427,64998,65402,65476,35,61150
275,57671,65424,65005,65400,65477,36,61149
276,57682,65431,64993,65401,65478,37,61147
277,57669,65430,64989,65400,65478,35,61147
278,57677,65435,64996,65400,65481,34,61148
279,57673,65436,64999,65399,65481,37,61147
280,57675,65425,65003,65400,65479,37,61150
281,57673,65426,64994,65400,65477,38,61151
282,57678,65430,65005,65400,65477,39,61147
283,57683,65433,64991,65399,65478,38,61149
284,57680,65437,65002,65400,65477,37,61148
285,57673,65434,64991,65400,65477,35,61146
286,57681,65434,64997,65402,65465,34,61148
287,57697,65436,64990,65402,65474,35,61146
288,57688,65435,64989,65402,65474,33,61145
289,57687,65433,64992,65401,65474,33,61148
290,57679,65430,64998,65401,65474,35,61148
291,57674,65430,64996,65400,65472,37,61151
292,57677,65422,64994,65400,65473,35,61153
293,57675,65434,64987,65401,65475,36,61151
294,57686,65432,64996,65401,65476,36,61150
295,57679,65429,64998,65399,65478,37,61150
296,57670,65432,65006,65400,65478,36,61148
297,57674,65426,65010,65400,65477,37,61148
298,57670,65429,65001,65400,65478,36,61145
299,57673,65432,64989,65400,65478,36,61146
300,57672,65431,65001,65400,65478,34,61143
301,57672,65435,64995,65400,65478,35,61145
302,57673,65430,64993,65401,65476,34,61149
303,57674,65425,64986,65400,65476,35,61147
304,57670,65440,64983,65398,65476,35,61150
305,57683,65431,64990,65400,65478,34,61147
306,57677,65432,64993,65401,65477,34,61147
307,57667,65434,65003,65401,65475,34,61148
308,57671,65428,64994,65399,65476,35,61147
309,57674,65441,64997,65400,65477,35,61146
310,57673,65437,64993,65401,65476,35,61147
311,57673,65440,64991,65399,65475,35,61145
312,57670,65430,64998,65399,65475,35,61149
313,57673,65431,64997,65400,65477,37,61152
314,57680,65430,65004,65400,65476,36,61150
315,57671,65426,64993,65400,65477,36,61147
316,57676,65425,64992,65401,65476,34,61146
317,57677,65429,64999,65401,65477,34,61148
318,57677,65429,65000,65401,65477,37,61151
319,57680,65429,65002,65400,65477,34,61147
320,57672,65431,64999,65399,65476,35,61148
321,57671,65426,64989,65400,65475,34,61150
322,57670,65429,64993,65401,65478,35,61145
323,57674,65435,65004,65400,65475,32,61147
324,57679,65432,64992,65400,65477,35,61146
325,57666,65431,64995,65399,65474,36,61150
326,57669,65439,64993,65398,65476,35,61148
327,57670,65438,65000,65400,65476,34,61147
328,57677,65439,65003,65400,65476,37,61146
329,57664,65440,64990,65400,65478,36,61144
330,57665,65434,64997,65400,65476,38,61148
331,57669,65434,64997,65400,65475,37,61146
332,57671,65431,64989,65400,65478,38,61146
333,57678,65435,64996,65400,65477,35,61145
334,57678,65435,65007,65399,65475,35,61147
335,57676,65439,64997,65400,65477,35,61148
336,57669,65435,64983,65400,65477,36,61146
337,57673,65440,64990,65400,65477,36,61148
338,57671,65433,64990,65401,65476,35,61147
339,57681,65432,64988,65399,65476,36,61148
340,57671,65445,64994,65400,65475,35,61147
341,57670,65438,64999,65400,65477,37,61149
342,57677,65435,64994,65400,65476,37,61149
343,57671,65439,64995,65399,65476,35,61149
344,57672,65434,64999,65399,65475,35,61148
345,57673,65444,64998,65400,65475,36,61149
346,57672,65434,65001,65400,65475,36,61150
347,57673,65434,65005,65400,65475,36,61151
348,57669,65438,64996,65400,65476,35,61151
349,57675,65435,65003,65399,65476,35,61150
350,57670,65432,64992,65399,65476,37,61146
351,57678,65430,64992,65400,65476,36,61145
352,57671,65424,65008,65400,65474,38,61147
353,57676,65439,64999,65400,65475,36,61146
354,57674,65433,64992,65401,65476,36,61150
355,57675,65431,64989,65401,65477,36,61148
356,57678,65437,64988,65400,65475,37,61150
357,57672,65439,64997,65399,65476,36,61150
358,57678,65431,64991,65400,65478,35,61146
359,57667,65433,64995,65400,65479,37,61149
360,57671,65429,65004,65400,65477,36,61151
361,57669,65433,64997,65399,65477,34,61149
362,57668,65431,64989,65400,65476,34,61150
363,57667,65443,64995,65400,65475,35,61144
364,57678,65439,64992,65400,65476,35,61147
365,57675,65441,64985,65400,65476,34,61146
366,57675,65441,65001,65400,65476,35,61147
367,57671,65430,64996,65402,65478,37,61148
368,57677,65422,64996,65402,65477,35,61147
369,57673,65429,64997,65400,65475,35,61148
370,57672,65431,64986,65401,65474,34,61145
371,57671,65432,65002,65401,65476,35,61148
372,57675,65429,65004,65399,65479,36,61148
373,57670,65430,64992,65398,65477,36,61151
374,57671,65437,64995,65399,65477,33,61149
375,57674,65438,64993,65400,65476,34,61149
376,57676,65435,64995,65400,65477,35,61150
377,57672,65432,64992,65401,65477,35,61152
378,57680,65428,65000,65400,65476,37,61151
379,57672,65436,64993,65401,65480,37,61152
380,57678,65433,64998,65400,65477,35,61151
381,57672,65436,64987,65400,65477,35,61148
382,57673,65437,64994,65400,65478,35,61150
383,57680,65436,64991,65400,65476,36,61148
384,57681,65440,64994,65401,65476,34,61149
385,57674,65439,64994,65401,65477,35,61147
386,57681,65435,65002,65400,65477,35,61149
387,57677,65430,64998,65401,65477,33,61152
388,57674,65437,64996,65402,65477,34,61148
389,57671,65438,65006,65401,65475,34,61151
390,57675,65433,64998,65400,65478,33,61148
391,57670,65435,64991,65399,65476,34,61150
392,57680,65439,64994,65400,65478,34,61146
393,57679,65432,64987,65401,65476,35,61146
394,57667,65424,64986,65400,65476,36,61149
395,57668,65431,64999,65400,65477,35,61149
396,57673,65429,64995,65400,65476,35,61150
397,57678,65434,64997,65400,65475,36,61149
398,57675,65428,64994,65400,65477,34,61150
399,57680,65431,64994,65400,65477,36,61148
400,57669,65437,64997,65401,65478,33,61148
401,57676,65441,64993,65399,65478,35,61145
402,57673,65440,65003,65400,65478,33,61149
403,57670,65435,64999,65402,65476,38,61146
404,57671,65429,64992,65400,65476,37,61146
405,57676,65432,64995,65400,65477,37,61145
406,57677,65432,64994,65400,65478,35,61146
407,57673,65431,65002,65400,65478,34,61147
408,57674,65432,64994,65400,65478,35,61150
409,57672,65427,64983,65401,65476,34,61146
410,57673,65436,65001,65400,65478,36,61149
411,57668,65433,64996,65399,65477,36,61147
412,57670,65434,64993,65402,65475,37,61145
413,57672,65430,64996,65400,65477,35,61146
414,57675,65427,65011,65399,65478,34,61148
415,57670,65429,65006,65399,65474,35,61146
416,57671,65432,64993,65400,65475,35,61144
417,57667,65440,65000,65400,65475,35,61144
418,57666,65442,65006,65401,65477,35,61149
419,57669,65438,65007,65400,65477,33,61146
420,57677,65442,65002,65400,65478,35,61146
421,57675,65435,65003,65400,65477,34,61146
422,57674,65436,64989,65398,65475,35,61147
423,57671,65436,64996,65399,65474,36,61145
424,57675,65436,65000,65399,65476,33,61147
425,57676,65434,64990,65400,65477,36,61147
426,57682,65436,64990,65399,65477,35,61145
427,57674,65432,64995,65399,65475,35,61150
428,57672,65431,64996,65399,65477,35,61150
429,57674,65432,64997,65400,65477,34,61150
430,57674,65432,64988,65400,65476,33,61151
431,57671,65436,64981,65400,65478,33,61151
432,57671,65434,64987,65401,65475,36,61150
433,57669,65426,64997,65401,65475,35,61152
434,57666,65433,64992,65400,65476,37,61149
435,57671,65432,64995,65400,65477,36,61149
436,57672,65435,64994,65399,65476,34,61148
437,57665,65441,64993,65401,65475,33,61151
438,57676,65434,64992,65401,65476,37,61147
439,57682,65426,64997,65400,65477,37,61145
440,57670,65427,65004,65400,65475,36,61144
441,57680,65427,64998,65399,65475,35,61146
442,57674,65431,64996,65400,65475,36,61142
443,57676,65435,64999,65399,65475,36,61144
444,57675,65433,64998,65401,65477,35,61144
445,57675,65434,65002,65400,65475,37,61144
446,57664,65433,64991,65399,65475,34,61145
447,57672,65426,64994,65400,65476,36,61145
448,57677,65434,64997,65400,65476,38,61146
449,57680,65436,64996,65400,65476,36,61142
450,57673,65441,64996,65400,65476,37,61147
451,57672,65447,64992,65400,65475,36,61146
452,57681,65437,64988,65399,65476,36,61144
453,57670,65420,64977,65401,65478,37,61145
454,57670,65429,64993,65400,65478,36,61147
455,57671,65429,64997,65399,65480,37,61145
456,57671,65430,65002,65400,65478,38,61145
457,57682,65435,65011,65400,65475,39,61147
458,57675,65436,65011,65399,65475,37,61148
459,57674,65431,64997,65400,65474,35,61149
460,57680,65434,64993,65401,65476,35,61149
461,57679,65427,64995,65400,65476,36,61147
462,57680,65430,65000,65400,65475,36,61148
463,57675,65433,65001,65399,65476,35,61147
464,57670,65430,65005,65399,65474,36,61148
465,57676,65432,64986,65400,65476,36,61147
466,57669,65432,64994,65400,65476,34,61150
467,57666,65431,64999,65399,65475,37,61146
468,57674,65435,64998,65401,65477,36,61145
469,57680,65430,64991,65401,65476,37,61148
470,57673,65429,64991,65401,65474,37,61149
471,57678,65435,65001,65401,65478,37,61147
472,57681,65436,64989,65400,65476,37,61146
473,57670,65435,64989,65400,65477,39,61149
474,57676,65431,64991,65400,65475,37,61149
475,57678,65427,64989,65401,65475,36,61144
476,57673,65429,64995,65399,65476,36,61145
477,57669,65429,65001,65401,65476,35,61147
478,57668,65425,64999,65400,65475,36,61148
479,57674,65429,65005,65399,65476,36,61147
480,57675,65434,65005,65400,65476,35,61147
481,57677,65433,64996,65400,65477,36,61147
482,57678,65431,64990,65400,65477,38,61148
483,57675,65429,64984,65399,65477,36,61147
484,57672,65429,64987,65400,65478,37,61147
485,57676,65434,64986,65399,65477,37,61145
486,57676,65434,64990,65400,65477,36,61148
487,57672,65435,64988,65401,65476,36,61146
488,57666,65427,64993,65401,65479,36,61146
489,57665,65437,64989,65400,65477,36,61144
490,57668,65434,64990,65401,65477,37,61144
491,57669,65426,64988,65400,65476,36,61141
492,57674,65435,64998,65401,65475,36,61143
493,57673,65430,65001,65401,65477,36,61146
494,57673,65439,64988,65399,65476,37,61144
495,57672,65439,64993,65400,65476,35,61142
496,57667,65440,64984,65401,65477,35,61142
497,57676,65431,64988,65401,65476,35,61145
498,57677,65431,64998,65401,65478,35,61143
499,57666,65435,64997,65402,65478,34,61145
500,57669,65436,64997,65399,65476,35,61146
501,57671,65435,65001,65399,65478,34,61145
502,57674,65430,64999,65400,65477,35,61146
503,57682,65428,65005,65401,65477,36,61145
504,57671,65434,65006,65401,65478,34,61143
505,57673,65431,64997,65400,65475,35,61142
506,57675,65433,65000,65399,65476,36,61146
507,57670,65428,64997,65400,65476,35,61145
508,57679,65439,64996,65400,65478,34,61145
509,57665,65443,64997,65401,65477,35,61144
510,57669,65432,64993,65400,65477,37,61145
511,57666,65435,64996,65401,65477,37,61144
512,57674,65433,64993,65400,65477,33,61143
513,57677,65432,64990,65400,65476,34,61145
514,57677,65442,64983,65399,65475,37,61147
515,57679,65427,64984,65400,65476,34,61146
516,57675,65441,64987,65399,65476,36,61147
517,57677,65439,64986,65399,65476,35,61145
518,57672,65436,65000,65398,65476,36,61148
519,57666,65438,65000,65400,65477,36,61150
520,57667,65443,64998,65401,65478,35,61146
521,57666,65432,65000,65400,65478,34,61150
522,57672,65432,65001,65399,65477,35,61148
523,57677,65429,65002,65400,65476,35,61146
524,57672,65430,64994,65400,65476,35,61146
525,57665,65432,64995,65400,65476,35,61146
526,57677,65430,65006,65400,65475,38,61143
527,57675,65430,64999,65400,65476,36,61142
528,57675,65429,65005,65400,65477,35,61146
529,57675,65432,64998,65401,65476,34,61144
530,57679,65436,64989,65400,65477,35,61143
531,57675,65432,64991,65401,65477,34,61146
532,57671,65423,64994,65401,65476,36,61146
533,57674,65425,64991,65401,65477,36,61145
534,57671,65427,64996,65401,65476,37,61148
535,57673,65430,64998,65400,65477,36,61146
536,57664,65431,64995,65400,65478,35,61146
537,57677,65425,64983,65400,65476,34,61145
538,57674,65428,64998,65400,65476,37,61141
539,57674,65431,64992,65401,65476,36,61145
540,57677,65431,64993,65400,65477,36,61145
541,57679,65431,64997,65399,65478,36,61146
542,57674,65431,64994,65399,65477,38,61148
543,57671,65436,64988,65399,65478,36,61150
544,57672,65433,64987,65401,65476,37,61151
545,57671,65431,64986,65400,65476,36,61148
546,57677,65431,64989,65399,65475,36,61147
547,57669,65436,65002,65399,65477,36,61144
548,57674,65431,64993,65401,65476,35,61145
549,57676,65434,64992,65400,65476,33,61144
550,57675,65428,65000,65400,65478,35,61145
551,57677,65429,64999,65400,65479,37,61141
552,57671,65432,64989,65401,65476,37,61147
553,57679,65430,64994,65401,65478,35,61145
554,57675,65429,64991,65399,65477,37,61143
555,57672,65432,64990,65398,65475,35,61144
556,57670,65435,64992,65399,65476,34,61146
557,57674,65430,65002,65401,65476,36,61145
558,57676,65428,65002,65400,65476,34,61148
559,57678,65439,64993,65400,65477,36,61146
560,57678,65433,64995,65399,65477,36,61147
561,57680,65438,65002,65400,65479,37,61144
562,57669,65435,64998,65402,65477,37,61147
563,57672,65435,65001,65400,65477,36,61145
564,57671,65430,64992,65400,65476,36,61145
565,57677,65429,64989,65399,65477,35,61150
566,57668,65428,65004,65399,65477,36,61146
567,57663,65432,65002,65400,65476,35,61149
568,57676,65430,64988,65400,65476,35,61146
569,57679,65429,64996,65400,65477,35,61146
570,57675,65432,64990,65401,65477,36,61145
571,57671,65435,64991,65401,65476,36,61146
572,57673,65436,65002,65401,65475,36,61144
573,57672,65431,64989,65400,65476,34,61148
574,57676,65422,65000,65400,65477,36,61147
575,57675,65432,64993,65400,65478,37,61145
576,57676,65425,64985,65400,65477,34,61143
577,57681,65436,64988,65399,65476,33,61143
578,57678,65440,64976,65400,65477,35,61145
579,57668,65436,64987,65400,65475,34,61144
580,57674,65430,65001,65401,65477,35,61144
581,57672,65429,64994,65400,65477,36,61144
582,57679,65427,64993,65401,65477,35,61142
583,57673,65435,65000,65400,65476,36,61143
584,57670,65441,64988,65400,65477,35,61143
585,57670,65431,64996,65400,65475,36,61144
586,57670,65424,65001,65400,65476,36,61144
587,57670,65431,65002,65400,65477,35,61140
588,57665,65428,65005,65400,65476,36,61142
589,57668,65426,64991,65400,65476,36,61143
590,57672,65435,65002,65399,65476,35,61143
591,57670,65436,64996,65398,65476,35,61143
592,57673,65434,64996,65400,65477,36,61140
593,57674,65432,64996,65400,65474,36,61141
594,57666,65432,64999,65400,65475,37,61143
595,57667,65431,64990,65401,65477,36,61143
596,57669,65434,64997,65401,65476,35,61145
597,57674,65445,64999,65399,65476,34,61141
598,57670,65429,65009,65399,65478,37,61142
599,57678,65433,64997,65401,65476,36,61145
600,57673,65435,64997,65401,65478,35,61140
601,57669,65428,64996,65402,65477,35,61144
602,57672,65438,64994,65400,65476,34,61143
603,57673,65431,64992,65400,65478,35,61142
604,57663,65435,64986,65400,65477,34,61140
605,57669,65435,65001,65401,65476,35,61143
606,57674,65426,64995,65400,65477,36,61139
607,57668,65426,64998,65400,65478,35,61142
608,57667,65430,65009,65400,65477,37,61144
609,57672,65430,64993,65400,65477,35,61143
610,57677,65434,64987,65401,65477,36,61143
611,57674,65430,65002,65400,65477,35,61141
612,57677,65432,64999,65401,65477,37,61141
613,57673,65434,64996,65401,65477,35,61145
614,57673,65438,65002,65399,65477,36,61150
615,57674,65434,64992,65400,65478,38,61145
616,57668,65434,64995,65400,65476,37,61145
617,57667,65429,64996,65400,65476,35,61143
618,57670,65435,64999,65400,65475,36,61144
619,57670,65433,64993,65400,65477,35,61142
620,57680,65435,64999,65400,65478,37,61142
621,57671,65434,65004,65401,65477,35,61142
622,57683,65437,64993,65400,65476,35,61145
623,57670,65433,64995,65400,65475,36,61145
624,57674,65438,64997,65400,65477,36,61143
625,57674,65435,64992,65400,65477,35,61144
626,57675,65441,64996,65400,65477,34,61145
627,57680,65431,65001,65399,65476,35,61142
628,57679,65435,64996,65399,65476,36,61143
629,57676,65435,65001,65400,65477,36,61140
630,57680,65432,64998,65400,65476,36,61145
631,57676,65433,65003,65399,65477,34,61143
632,57673,65433,65002,65398,65476,36,61139
633,57676,65435,64996,65400,65478,35,61139
634,57673,65422,64993,65401,65478,35,61143
635,57667,65436,64999,65401,65477,36,61145
636,57681,65436,64997,65401,65477,35,61145
637,57668,65435,64991,65401,65477,34,61145
638,57670,65435,64991,65401,65476,37,61145
639,57672,65430,64993,65400,65477,38,61143
640,57675,65432,64998,65400,65476,34,61146
641,57672,65431,65009,65400,65475,36,61143
642,57680,65429,65001,65400,65476,36,61146
643,57673,65441,64997,65400,65475,34,61147
644,57679,65435,64995,65400,65478,35,61145
645,57682,65432,64999,65401,65477,34,61146
646,57677,65433,64995,65402,65477,37,61145
647,57672,65431,65000,65400,65476,36,61142
648,57684,65436,65003,65400,65476,37,61144
649,57677,65430,64982,65400,65476,36,61143
650,57676,65422,64993,65400,65476,35,61141
651,57673,65426,64995,65400,65477,35,61144
652,57666,65436,64987,65399,65478,35,61144
653,57670,65433,64995,65400,65478,34,61144
654,57675,65437,64999,65401,65478,36,61143
655,57671,65435,64995,65402,65478,36,61146
656,57675,65431,64997,65401,65478,37,61147
657,57673,65424,64995,65400,65477,36,61149
658,57668,65432,64995,65399,65476,36,61150
659,57661,65435,64998,65400,65476,37,61144
660,57666,65434,64990,65399,65476,37,61146
661,57658,65432,64990,65399,65476,36,61145
662,57668,65430,64996,65399,65477,36,61143
663,57670,65436,65000,65400,65475,36,61143
664,57657,65434,65003,65401,65478,36,61145
665,57676,65436,64994,65400,65478,36,61142
666,57676,65434,64995,65400,65476,37,61143
667,57672,65428,64995,65400,65477,35,61145
668,57674,65433,64995,65400,65479,36,61146
669,57677,65441,65001,65400,65475,36,61147
670,57678,65430,64998,65398,65476,37,61145
671,57674,65424,65001,65400,65476,36,61144
672,57680,65429,64990,65399,65477,37,61145
673,57677,65441,64989,65399,65477,37,61144
674,57678,65435,64997,65400,65478,36,61147
675,57671,65435,64993,65400,65477,37,61146
676,57668,65439,64990,65399,65477,34,61145
677,57677,65431,64992,65402,65477,36,61146
678,57667,65439,64993,65401,65477,34,61148
679,57669,65434,65000,65402,65477,36,61145
680,57672,65435,64997,65402,65475,36,61146
681,57673,65434,65007,65400,65474,35,61148
682,57673,65432,64985,65401,65478,36,61145
683,57671,65432,64997,65400,65477,36,61143
684,57672,65431,65005,65401,65478,37,61142
685,57676,65429,65007,65400,65477,35,61142
686,57675,65426,65006,65401,65477,36,61143
687,57674,65433,65006,65402,65479,35,61143
688,57670,65433,64991,65399,65476,36,61142
689,57673,65438,64998,65401,65478,35,61144
690,57677,65427,65001,65400,65477,37,61145
691,57682,65439,64990,65401,65476,36,61146
692,57679,65437,64996,65401,65476,35,61143
693,57668,65423,64994,65400,65477,35,61142
694,57669,65435,64996,65401,65478,35,61144
695,57676,65437,64988,65401,65477,35,61146
696,57671,65429,64993,65400,65475,35,61146
697,57671,65432,65007,65400,65478,34,61143
698,57674,65422,65004,65400,65476,36,61146
699,57678,65422,64994,65400,65474,35,61148
700,57671,65429,65007,65402,65476,36,61146
701,57667,65431,64991,65400,65477,35,61146
702,57665,65433,64994,65400,65478,36,61143
703,57666,65424,64995,65399,65478,36,61145
704,57665,65433,64994,65398,65478,37,61144
705,57665,65430,64982,65400,65477,36,61150
706,57670,65438,64990,65401,65478,35,61144
707,57670,65435,64990,65401,65477,35,61145
708,57669,65432,64998,65400,65479,35,61146
709,57666,65434,64996,65400,65477,35,61144
710,57672,65434,65000,65401,65478,36,61143
711,57681,65427,65001,65401,65478,34,61145
712,57680,65434,64999,65400,65478,35,61146
713,57680,65435,65001,65401,65477,35,61146
714,57680,65433,65003,65400,65477,37,61145
715,57681,65429,64998,65401,65478,36,61145
716,57677,65428,64998,65400,65478,35,61148
717,57661,65432,64999,65400,65477,35,61147
718,57675,65435,64991,65400,65476,34,61144
719,57679,65437,64991,65400,65477,35,61146
720,57671,65435,64983,65400,65477,36,61145
721,57681,65431,64995,65399,65477,35,61146
722,57685,65430,64989,65400,65476,34,61146
723,57677,65435,64995,65400,65475,36,61145
724,57676,65433,65004,65400,65475,36,61145
725,57674,65430,64990,65400,65477,34,61146
726,57675,65437,65000,65402,65476,36,61145
727,57668,65430,65007,65401,65478,36,61146
728,57666,65431,64998,65402,65478,38,61145
729,57672,65432,65007,65402,65475,39,61146
730,57672,65431,64997,65399,65477,36,61144
731,57666,65425,64994,65401,65475,34,61146
732,57681,65425,64990,65400,65477,36,61142
733,57673,65437,64996,65401,65477,36,61143
734,57664,65435,64980,65401,65476,36,61145
735,57664,65429,64988,65401,65476,35,61147
736,57670,65431,64993,65401,65475,37,61146
737,57673,65439,64996,65400,65476,36,61141
738,57678,65431,64994,65400,65478,34,61143
739,57678,65433,65002,65400,65476,36,61145
740,57677,65439,65003,65399,65477,36,61144
741,57675,65435,64992,65401,65480,33,61142
742,57672,65424,64988,65401,65478,37,61144
743,57675,65430,64992,65400,65477,36,61145
744,57676,65432,65001,65400,65476,36,61145
745,57673,65438,64994,65400,65476,36,61143
746,57680,65440,64988,65399,65476,37,61143
747,57672,65427,65000,65399,65478,37,61145
748,57672,65431,64992,65399,65475,36,61147
749,57668,65433,64998,65399,65474,36,61143
750,57664,65436,64998,65399,65476,36,61143
751,57679,65433,64995,65401,65476,36,61140
752,57673,65434,64985,65401,65477,38,61142
753,57677,65434,64994,65399,65474,36,61143
754,57673,65442,65008,65399,65473,35,61145
755,57667,65436,64990,65399,65476,36,61144
756,57672,65427,64989,65399,65476,36,61144
757,57674,65426,64997,65400,65477,36,61144
758,57668,65425,64997,65400,65478,36,61141
759,57667,65425,64999,65400,65476,34,61145
760,57669,65428,64997,65400,65478,35,61145
761,57675,65422,64994,65400,65475,34,61145
762,57668,65431,64995,65400,65474,36,61146
763,57671,65436,64992,65399,65477,37,61148
764,57673,65432,65000,65399,65476,36,61146
765,57665,65434,64997,65400,65476,35,61147
766,57669,65427,65000,65400,65476,33,61147
767,57672,65434,64998,65401,65478,36,61146
768,57670,65429,64997,65400,65476,37,61144
769,57671,65430,64988,65400,65476,36,61147
770,57666,65437,64992,65400,65478,35,61145
771,57671,65435,65001,65399,65478,37,61144
772,57674,65435,64999,65399,65478,37,61146
773,57678,65439,64989,65401,65477,37,61147
774,57668,65434,64995,65400,65478,34,61148
775,57667,65443,65001,65400,65477,35,61146
776,57676,65438,64984,65401,65478,34,61148
777,57673,65437,64993,65400,65479,38,61151
778,57670,65433,65009,65401,65477,36,61148
779,57678,65435,65008,65400,65477,35,61147
780,57676,65434,65008,65399,65476,34,61146
781,57667,65435,65007,65399,65475,34,61148
782,57666,65435,65014,65401,65477,36,61146
783,57671,65434,64997,65398,65478,36,61148
784,57674,65432,64996,65400,65478,34,61148
785,57676,65430,65000,65400,65478,37,61147
786,57665,65436,64991,65400,65476,37,61145
787,57669,65432,65006,65399,65477,33,61146
788,57673,65426,65007,65400,65474,34,61146
789,57671,65428,65002,65400,65475,35,61146
790,57677,65435,64993,65401,65477,36,61144
791,57674,65434,64990,65399,65475,37,61144
792,57678,65435,64983,65399,65477,35,61143
793,57677,65427,64996,65401,65477,36,61141
794,57678,65435,64995,65399,65477,36,61143
795,57672,65439,64999,65401,65477,36,61145
796,57675,65435,65002,65400,65477,36,61147
797,57677,65435,64992,65400,65478,35,61145
798,57670,65423,64998,65400,65477,36,61144
799,57671,65429,64985,65399,65475,34,61145
800,57678,65434,64992,65400,65477,36,61147
801,57669,65433,64990,65400,65477,38,61149
802,57666,65436,64990,65400,65476,37,61147
803,57668,65433,64996,65401,65477,36,61147
804,57677,65442,64993,65401,65477,34,61143
805,57675,65435,64997,65402,65476,36,61142
806,57676,65436,64997,65400,65478,36,61146
807,57669,65432,64986,65400,65477,35,61146
808,57676,65431,64999,65399,65476,36,61146
809,57674,65428,64989,65400,65476,35,61147
810,57666,65425,64997,65401,65476,36,61144
811,57672,65428,64992,65400,65479,36,61143
812,57674,65427,64999,65400,65476,34,61143
813,57678,65431,64999,65400,65476,34,61145
814,57679,65427,64988,65401,65478,35,61144
815,57682,65434,64987,65400,65477,36,61143
816,57677,65441,64996,65402,65477,37,61141
817,57677,65424,64998,65401,65476,36,61142
818,57678,65434,64998,65402,65477,35,61144
819,57677,65440,65001,65401,65478,36,61143
820,57677,65424,64984,65400,65478,35,61142
821,57677,65435,64990,65400,65479,36,61143
822,57670,65437,64992,65399,65477,34,61143
823,57671,65433,64994,65400,65476,35,61142
824,57671,65433,64983,65399,65478,37,61143
825,57673,65434,64993,65399,65477,37,61142
826,57665,65432,64997,65399,65477,36,61144
827,57682,65426,65002,65400,65476,34,61144
828,57679,65432,64987,65401,65478,34,61139
829,57677,65438,64993,65400,65474,35,61139
830,57680,65436,64999,65400,65476,37,61142
831,57675,65433,64985,65400,65477,38,61142
832,57676,65436,64979,65400,65477,36,61144
833,57675,65427,64996,65400,65476,35,61144
834,57677,65429,64995,65400,65478,35,61144
835,57670,65444,64997,65400,65476,36,61146
836,57673,65430,64987,65401,65476,39,61143
837,57679,65438,64990,65401,65479,36,61144
838,57677,65431,64990,65401,65478,36,61144
839,57671,65434,64997,65399,65478,36,61145
840,57666,65426,65009,65400,65478,36,61144
841,57665,65437,64996,65401,65476,36,61142
842,57672,65432,64991,65401,65476,35,61146
843,57671,65438,65002,65399,65474,37,61147
844,57662,65426,64998,65400,65475,36,61147
845,57670,65428,64990,65401,65475,36,61145
846,57667,65431,64995,65401,65480,36,61142
847,57670,65423,65008,65400,65477,34,61143
848,57676,65429,64990,65399,65476,36,61145
849,57674,65430,65004,65399,65478,36,61140
850,57674,65426,64993,65399,65476,36,61143
851,57680,65429,64982,65400,65476,35,61143
852,57673,65430,64981,65401,65476,35,61146
853,57680,65434,64980,65402,65477,34,61144
854,57676,65433,64994,65401,65478,35,61141
855,57670,65429,64996,65399,65478,37,61141
856,57673,65431,64995,65400,65476,36,61143
857,57676,65436,64981,65399,65476,35,61143
858,57685,65430,64990,65400,65477,37,61145
859,57679,65429,64996,65400,65477,37,61144
860,57671,65433,64998,65402,65475,36,61142
861,57675,65437,64990,65401,65476,36,61144
862,57666,65435,64981,65401,65477,33,61145
863,57671,65434,65001,65400,65476,35,61143
864,57674,65439,64994,65401,65477,34,61145
865,57669,65428,64992,65400,65477,34,61146
866,57668,65434,64997,65402,65478,34,61146
867,57672,65431,64996,65401,65479,36,61143
868,57677,65433,64995,65401,65478,34,61146
869,57669,65431,64991,65400,65475,36,61144
870,57678,65428,64998,65400,65476,36,61147
871,57668,65434,64998,65399,65476,36,61145
872,57668,65435,64994,65400,65477,36,61145
873,57664,65437,64986,65400,65475,36,61144
874,57670,65433,64990,65401,65477,35,61139
875,57665,65430,64997,65400,65479,36,61140
876,57671,65437,64989,65400,65476,35,61140
877,57681,65433,64994,65401,65477,35,61143
878,57670,65435,64997,65400,65476,35,61143
879,57670,65430,64983,65401,65477,33,61139
880,57676,65433,64985,65400,65477,34,61141
881,57667,65437,64976,65400,65476,37,61142
882,57675,65429,64982,65400,65475,36,61141
883,57678,65434,64992,65400,65475,38,61141
884,57671,65430,64997,65402,65476,38,61140
885,57680,65427,64994,65400,65477,34,61140
886,57670,65434,64989,65398,65477,34,61140
887,57673,65436,64997,65399,65477,36,61143
888,57670,65432,64990,65401,65477,36,61139
889,57679,65439,65002,65400,65478,36,61141
890,57673,65441,65008,65400,65476,36,61142
891,57672,65432,65006,65400,65477,36,61140
892,57673,65430,65003,65400,65478,35,61138
893,57677,65430,64995,65401,65478,34,61140
894,57670,65438,64987,65400,65477,36,61140
895,57672,65434,64987,65400,65476,35,61140
896,57667,65438,64987,65399,65476,37,61139
897,57671,65436,64995,65400,65476,37,61142
898,57666,65442,64994,65401,65477,37,61141
899,57670,65434,64994,65401,65477,36,61143
900,57672,65426,64994,65400,65477,34,61143
901,57671,65430,65002,65401,65476,34,61143
902,57676,65423,64997,65401,65478,36,61140
903,57672,65433,64994,65401,65477,33,61141
904,57667,65436,64994,65401,65476,36,61141
905,57669,65421,65003,65402,65476,37,61140
906,57680,65430,64995,65400,65477,36,61139
907,57673,65431,64984,65400,65476,36,61139
908,57667,65435,64994,65400,65477,35,61139
909,57671,65433,64994,65401,65477,33,61140
910,57668,65432,64994,65402,65476,34,61143
911,57672,65434,65005,65400,65477,35,61142
912,57671,65438,64997,65400,65477,35,61144
913,57679,65433,64997,65399,65477,35,61144
914,57677,65437,64999,65399,65478,36,61140
915,57675,65436,64997,65399,65478,35,61142
916,57667,65433,64998,65400,65476,35,61144
917,57674,65437,64991,65400,65476,37,61144
918,57669,65435,64991,65399,65476,37,61142
919,57673,65437,64992,65398,65475,36,61137
920,57673,65433,64993,65400,65477,37,61137
921,57684,65432,64983,65399,65478,34,61138
922,57678,65433,64992,65401,65478,34,61138
923,57680,65439,64991,65400,65476,32,61141
924,57671,65434,64992,65400,65477,33,61140
925,57672,65422,65002,65400,65476,34,61139
926,57668,65434,64993,65400,65476,36,61138
927,57674,65430,64989,65400,65475,36,61140
928,57669,65429,64992,65400,65476,34,61142
929,57672,65432,64994,65400,65476,34,61139
930,57679,65429,64990,65399,65477,35,61138
931,57681,65432,64995,65399,65476,37,61138
932,57673,65432,64987,65401,65476,35,61136
933,57674,65433,64992,65399,65474,36,61139
934,57675,65431,65005,65400,65474,36,61141
935,57678,65426,64998,65400,65475,37,61142
936,57676,65430,64995,65400,65474,37,61141
937,57667,65432,64999,65401,65476,35,61140
938,57680,65431,64995,65401,65476,36,61139
939,57674,65425,65004,65400,65475,36,61140
940,57674,65434,64995,65399,65474,36,61139
941,57667,65433,64992,65401,65475,36,61139
942,57667,65431,64992,65401,65477,36,61139
943,57668,65433,64975,65401,65474,35,61140
944,57675,65430,64991,65400,65475,34,61139
945,57672,65433,64991,65400,65475,35,61140
946,57671,65436,65001,65400,65473,35,61142
947,57665,65433,65012,65400,65478,36,61140
948,57671,65430,65000,65400,65477,37,61139
949,57668,65433,65001,65401,65477,36,61138
950,57680,65434,65003,65401,65478,36,61140
951,57681,65437,65003,65400,65477,39,61139
952,57678,65437,64999,65400,65478,36,61138
953,57684,65426,64987,65400,65477,37,61138
954,57678,65430,64989,65400,65478,36,61139
955,57672,65436,64991,65400,65478,34,61138
956,57675,65436,64995,65400,65478,38,61139
957,57664,65436,65004,65399,65478,39,61138
958,57671,65435,64992,65400,65477,36,61140
959,57680,65441,64992,65399,65476,35,61138
960,57673,65443,65002,65400,65477,35,61140
961,57675,65436,64999,65402,65476,34,61140
962,57665,65434,65008,65401,65479,34,61139
963,57669,65430,64993,65401,65478,35,61138
964,57674,65438,64992,65400,65477,36,61138
965,57676,65435,64992,65401,65478,35,61138
966,57665,65438,64988,65399,65478,36,61138
967,57672,65437,65000,65399,65478,36,61140
968,57668,65430,65001,65400,65477,35,61138
969,57673,65434,64991,65399,65477,36,61139
970,57667,65433,64998,65399,65476,36,61143
971,57666,65438,64994,65399,65475,36,61141
972,57665,65438,64987,65401,65474,36,61138
973,57680,65433,64995,65399,65476,37,61140
974,57672,65441,65002,65399,65478,37,61139
975,57677,65438,64996,65399,65476,35,61136
976,57675,65432,64991,65400,65473,34,61138
977,57678,65432,65000,65402,65474,34,61140
978,57678,65429,64993,65399,65477,35,61139
979,57693,65440,64989,65402,65464,34,61139
980,57692,65439,64999,65401,65474,34,61140
981,57692,65440,64986,65400,65477,37,61142
982,57678,65434,64991,65400,65477,38,61139
983,57676,65425,64994,65400,65474,36,61137
984,57679,65429,64994,65401,65476,34,61138
985,57670,65443,64995,65400,65476,35,61139
986,57675,65435,65005,65400,65476,35,61139
987,57675,65441,65000,65400,65478,36,61138
988,57672,65433,64993,65400,65477,36,61139
989,57661,65437,64995,65399,65475,36,61139
990,57665,65436,65001,65400,65478,33,61139
991,57673,65428,64993,65399,65477,34,61141
992,57672,65433,64993,65399,65477,36,61142
993,57677,65427,64990,65401,65477,36,61139
994,57671,65424,65004,65400,65476,36,61142
995,57672,65431,65002,65401,65476,35,61142
996,57669,65429,64990,65400,65476,37,61142
997,57674,65433,65005,65401,65476,38,61138
